Date,AAPL,GOOGL,MSFT,SPY,TLT,TSLA,Portfolio_Value,SPY_Value,Portfolio_Daily_Return
2023-01-03,123.21121978759766,88.4516830444336,233.98562622070312,366.069091796875,90.17121124267578,108.0999984741211,,,
2023-01-04,124.48204040527344,87.41948699951172,223.75035095214844,368.895263671875,91.40655517578125,113.63999938964844,100.51955974915518,100.77203236720355,0.005195597491551952
2023-01-05,123.16194152832031,85.55358123779297,217.11888122558594,364.68487548828125,91.78874206542969,110.33999633789062,99.45972184160256,99.6218702043925,-0.010543598780152175
2023-01-06,127.69355010986328,86.6850357055664,219.67770385742188,373.0478515625,93.47731018066406,113.05999755859375,101.52114503308785,101.90640508090134,0.020726211106524783
2023-01-09,128.2156982421875,87.35993194580078,221.81661987304688,372.83636474609375,93.97501373291016,119.7699966430664,102.62370051221907,101.84863270373393,0.010860353070011953
2023-01-10,128.78707885742188,87.7569351196289,223.50621032714844,375.4510498046875,92.41972351074219,118.8499984741211,102.16996078045335,102.56289269377005,-0.004421393201580138
2023-01-11,131.50608825683594,90.83368682861328,230.2646026611328,380.19970703125,93.92168426513672,123.22000122070312,104.48419893820417,103.86009514351893,0.022650866654669276
2023-01-12,131.4272918701172,90.44660949707031,232.94064331054688,381.58392333984375,95.77027130126953,123.55999755859375,105.5018867041493,104.23822493912643,0.009740111675135088
2023-01-13,132.75721740722656,91.42919158935547,233.64382934570312,383.064208984375,94.87265014648438,122.4000015258789,105.37075862131387,104.64259823304893,-0.0012428979891436548
2023-01-17,133.91964721679688,90.60540771484375,234.7376708984375,382.36248779296875,94.25941467285156,131.49000549316406,105.97900372425335,104.4509073181012,0.005772427862320141
2023-01-18,133.20050048828125,90.43668365478516,230.3036346435547,376.3257751464844,96.54344940185547,128.77999877929688,106.21508691644652,102.80184358074693,0.002227641173221901
2023-01-19,133.25962829589844,92.35222625732422,226.51426696777344,373.5861511230469,95.93913269042969,127.16999816894531,105.70893171623663,102.0534537044015,-0.004765379522854823
2023-01-20,135.8209686279297,97.28492736816406,234.61070251464844,380.5457763671875,94.38383483886719,133.4199981689453,107.17605649577142,103.95463176070197,0.013878910284261605
2023-01-23,139.0128173828125,99.04167175292969,236.91558837890625,385.1117248535156,93.93946838378906,143.75,108.66189807947113,105.20192321159061,0.013863559010107229
2023-01-24,140.41172790527344,96.96735382080078,236.38819885253906,384.69842529296875,95.29033660888672,143.88999938964844,109.1860101250455,105.08902114752445,0.004823328644517521
2023-01-25,139.7516632080078,94.50595092773438,234.99160766601562,384.8425598144531,95.52141571044922,144.42999267578125,108.8860784910048,105.12839473155933,-0.0027469786073985817
2023-01-26,141.82044982910156,96.78868865966797,242.2090301513672,389.07208251953125,95.0770492553711,160.27000427246094,111.00374412347658,106.28378391897127,0.019448451646155294
2023-01-27,143.7611846923828,98.62482452392578,242.36529541015625,389.96612548828125,94.83706665039062,177.89999389648438,112.58741606049412,106.5280118499232,0.01426683351559669
2023-01-30,140.87474060058594,96.21305084228516,237.04257202148438,385.07330322265625,94.49048614501953,166.66000366210938,110.58493977727393,105.19142747957709,-0.017785968923420686
2023-01-31,142.1455535888672,98.09879302978516,242.02345275878906,390.73516845703125,95.24590301513672,173.22000122070312,112.25138070674419,106.7380932214411,0.015069329809525545
2023-02-01,143.2686004638672,99.67687225341797,246.84811401367188,394.88775634765625,96.39086151123047,181.41000366210938,114.09042374560359,107.87246593513886,0.016383255397667496
2023-02-02,148.57852172851562,106.93204498291016,258.42144775390625,400.6361389160156,96.5156021118164,188.27000427246094,117.01405898872015,109.44276583129864,0.025625597198548688
2023-02-03,152.20382690429688,103.99424743652344,252.31736755371094,396.3777770996094,95.0721435546875,189.97999572753906,115.9881531720681,108.27949859245479,-0.00876737227576175
2023-02-06,149.4749755859375,102.12835693359375,250.77423095703125,393.9553527832031,94.36824798583984,194.75999450683594,115.23915381328011,107.61775894529812,-0.0064575505196365676
2023-02-07,152.35159301757812,106.83280181884766,261.3122863769531,399.10772705078125,93.61087036132812,196.80999755859375,116.73110529338466,109.02524577853153,0.012946567470652481
2023-02-08,149.6621551513672,98.62482452392578,260.5016784667969,394.74359130859375,94.05636596679688,201.2899932861328,115.83113069529315,107.8330840145416,-0.007709809616122261
2023-02-09,148.62774658203125,94.29752349853516,257.4643249511719,391.321533203125,93.16535949707031,207.32000732421875,114.80790241698347,106.89827193066111,-0.008833793403963402
2023-02-10,148.9927978515625,93.86082458496094,256.95648193359375,392.2346496582031,92.12285614013672,196.88999938964844,113.69839693377305,107.14771021308916,-0.009664016673527133
2023-02-13,151.79489135742188,93.90052032470703,264.9844970703125,396.83917236328125,92.89804077148438,194.63999938964844,114.94302566161139,108.40553907880313,0.010946757046744538
2023-02-14,151.153564453125,93.96998596191406,265.81463623046875,396.65655517578125,92.68421936035156,209.25,115.6843654417585,108.35565308963,0.006449628203885927
2023-02-15,153.25511169433594,96.21305084228516,263.6900329589844,397.94464111328125,91.81993103027344,214.24000549316406,115.94500248310928,108.70752271379776,0.002253001435029739
2023-02-16,151.65676879882812,94.79376220703125,256.6698913574219,392.4654541015625,90.5190200805664,202.0399932861328,113.65258380124284,107.2107596342316,-0.019771604060299274
2023-02-17,150.5122528076172,93.6424560546875,252.66537475585938,391.48492431640625,91.22293090820312,208.30999755859375,113.79774551596047,106.94290588554627,0.0012772407794222566
2023-02-21,146.49661254882812,91.1016616821289,247.38807678222656,383.63140869140625,89.4498062133789,197.3699951171875,110.96634105371015,104.79754158110568,-0.024881024219000993
2023-02-22,146.92088317871094,90.96270751953125,246.2523193359375,383.10272216796875,90.2695541381836,200.86000061035156,111.50890199862533,104.65311897474949,0.0048894190775611865
2023-02-23,147.40432739257812,90.20840454101562,249.44418334960938,385.14056396484375,91.15166473388672,202.07000732421875,112.25062850955578,105.20980126302248,0.006651724639344059
2023-02-24,144.75027465820312,88.46160125732422,244.01019287109375,381.0263671875,89.96659851074219,196.8800048828125,110.37133726428141,104.08591594477588,-0.016741921806828746
2023-02-27,145.944091796875,89.1960678100586,244.9305419921875,382.3240661621094,90.21609497070312,207.6300048828125,111.42463167431309,104.4404115860876,0.009543187897683892
2023-02-28,145.44091796875,89.38462829589844,244.2060089111328,380.9109802246094,90.62594604492188,205.7100067138672,111.39938252068376,104.05439540248582,-0.00022660298041771154
2023-03-01,143.3689727783203,89.68238830566406,241.1218719482422,379.4498596191406,89.65234375,202.77000427246094,110.30675781654304,103.65525746972652,-0.009808175587847951
2023-03-02,143.96095275878906,91.31008911132812,245.86070251464844,382.4009704589844,88.85739135742188,190.89999389648438,109.94928599812992,104.46141972323937,-0.003240706421701345
2023-03-03,149.01255798339844,92.94770812988281,249.95330810546875,388.53387451171875,91.010009765625,197.7899932861328,112.6383284108181,106.1367603051581,0.02445711573546675
2023-03-06,151.77513122558594,94.41661834716797,251.50025939941406,388.80303955078125,90.30436706542969,193.80999755859375,112.66595236759716,106.21028878518936,0.0002452447330209221
2023-03-07,149.574951171875,93.15613555908203,248.83712768554688,382.8431701660156,90.85819244384766,187.7100067138672,111.840679821243,104.58221651186217,-0.007324950697274835
2023-03-08,150.82797241210938,93.543212890625,248.39649963378906,383.4679870605469,90.94750213623047,182.0,111.71999719236774,104.7528992896581,-0.001079058434445679
2023-03-09,148.57843017578125,91.62769317626953,247.04539489746094,376.39306640625,91.17082214355469,172.9199981689453,110.49636945837182,102.82022570075466,-0.010952629473208627
2023-03-10,146.51637268066406,89.95035552978516,243.3933563232422,370.9618835449219,94.31494140625,173.44000244140625,111.2170662072485,101.33657603378366,0.006522356819589337
2023-03-13,148.4600372314453,90.42676544189453,248.61195373535156,370.4331970214844,94.5293197631836,174.47999572753906,112.0069271516428,101.19215342742744,0.007101976084519524
2023-03-14,150.55169677734375,93.26531219482422,255.3383026123047,376.5564880371094,92.97510528564453,183.25999450683594,113.0619441333678,102.8648679922022,0.009419211905498038
2023-03-15,150.94639587402344,95.38926696777344,259.8911437988281,374.2013854980469,94.7704849243164,180.4499969482422,114.29551005667807,102.22151880161572,0.01091053168036048
2023-03-16,153.76817321777344,99.56770324707031,270.42620849609375,380.7667541503906,94.02912139892578,184.1300048828125,115.8876144925276,104.01499680876381,0.013929719855662104
2023-03-17,152.92955017089844,100.85794830322266,273.5886535644531,376.3146057128906,95.44037628173828,180.1300048828125,116.45474100371655,102.7987923989224,0.004893762924298562
2023-03-20,155.29745483398438,100.4609375,266.5391845703125,379.93310546875,94.60078430175781,183.25,116.13317915237549,103.78726693472593,-0.002761260285064798
2023-03-21,157.15234375,104.13319396972656,268.05682373046875,384.9218444824219,93.78791809082031,197.5800018310547,117.52643373758673,105.15005312057527,0.011997041632548224
2023-03-22,155.72174072265625,102.59481811523438,266.5979309082031,378.3602600097656,95.03846740722656,191.14999389648438,117.14039514392458,103.35760884716004,-0.003284695888280676
2023-03-23,156.80703735351562,104.80810546875,271.855712890625,379.3831787109375,95.03846740722656,192.22000122070312,117.9593380055485,103.63704208096594,0.006991122580880104
2023-03-24,158.109375,104.64930725097656,274.704833984375,381.8726806640625,95.44037628173828,190.41000366210938,118.43972292562968,104.31710549219389,0.004072461987355047
2023-03-27,156.1657257080078,101.691650390625,270.6024169921875,382.5867004394531,93.19841766357422,191.80999755859375,116.6176059220542,104.51215604177342,-0.01538434030886432
2023-03-28,155.5441131591797,100.27236938476562,269.4764709472656,381.7279052734375,93.36815643310547,189.19000244140625,116.2119197965969,104.2775568403494,-0.0034787725425304283
2023-03-29,158.62245178222656,100.62966918945312,274.6461181640625,387.2762756347656,93.18054962158203,193.8800048828125,117.29632821076592,105.79321890678979,0.0093313010925817
2023-03-30,160.1912078857422,100.13341522216797,278.112060546875,389.5439147949219,93.60929107666016,195.27999877929688,118.00378773098528,106.4126755096473,0.006031386753625656
2023-03-31,162.69725036621094,102.95211791992188,282.273193359375,395.0343322753906,95.01165008544922,207.4600067138672,120.4871668834385,107.91250644416262,0.021044910508420465
2023-04-03,163.95033264160156,103.57740020751953,281.2255859375,396.53961181640625,95.45848846435547,194.77000427246094,120.1680378765271,108.32370738265946,-0.002648655580225756
2023-04-04,163.41751098632812,103.9346923828125,281.1766662597656,394.33966064453125,95.93309783935547,192.5800018310547,120.18497437360875,107.72274127512047,0.0001409401150334501
2023-04-05,161.57252502441406,103.68658447265625,278.39605712890625,393.3070983886719,96.93603515625,185.52000427246094,119.80499403219092,107.44067368760824,-0.003161629341756323
2023-04-06,162.46054077148438,107.60694122314453,285.5042419433594,394.84130859375,97.186767578125,185.05999755859375,120.95656324249305,107.8597776872241,0.009612030112807346
2023-04-10,159.86561584472656,105.64180755615234,283.3404541015625,395.2466125488281,95.61966705322266,184.50999450683594,119.50468046545559,107.97049557195145,-0.012003340191856398
2023-04-11,158.65203857421875,104.55996704101562,276.9176025390625,395.352783203125,95.81668853759766,186.7899932861328,119.08925318079461,107.99949847240822,-0.003476242796875772
2023-04-12,157.96139526367188,103.85529327392578,277.563720703125,393.7413635253906,95.71819305419922,180.5399932861328,118.4769306692492,107.55930297001697,-0.005141710903298996
2023-04-13,163.3484649658203,106.62437438964844,283.78106689453125,398.9712829589844,94.96598052978516,185.89999389648438,119.93366240469734,108.98797300821177,0.012295488473742476
2023-04-14,163.0031280517578,108.05358123779297,280.1583557128906,397.99664306640625,94.09735870361328,185.0,119.3005727443387,108.72172821606227,-0.005278665286001082
2023-04-17,163.0228729248047,105.17532348632812,282.76275634765625,399.42474365234375,92.97801208496094,187.0399932861328,118.75801000623551,109.11184598834609,-0.004547863649120099
2023-04-18,164.24632263183594,103.71634674072266,282.34173583984375,399.68536376953125,93.30933380126953,184.30999755859375,118.70412171926236,109.18304023091605,-0.00045376549312607954
2023-04-19,165.3908233642578,103.39875030517578,282.42010498046875,399.6177673339844,93.21977233886719,180.58999633789062,118.50962063593,109.1645747452846,-0.0016385368975845196
2023-04-20,164.4239044189453,104.50041961669922,280.1289978027344,397.4370422363281,94.01677703857422,162.99000549316406,117.57339703933465,108.56886067203355,-0.00789997969423501
2023-04-21,162.81568908691406,104.6195297241211,279.786376953125,397.745849609375,93.48844146728516,165.0800018310547,117.28834399448237,108.65321834657283,-0.002424468902237226
2023-04-24,163.12155151367188,105.17532348632812,275.8797607421875,398.16070556640625,94.39287567138672,162.5500030517578,117.42440309045882,108.76654557531941,0.0011600393640381628
2023-04-25,161.58238220214844,103.07121276855469,269.66253662109375,391.8404235839844,95.7808609008789,160.6699981689453,116.99480192980967,107.04001850049909,-0.003658533910691564
2023-04-26,161.57252502441406,102.93225860595703,289.1955261230469,390.1806945800781,94.76000213623047,153.75,117.19690230037317,106.58662621988908,0.0017274303407493804
2023-04-27,166.16041564941406,106.78316497802734,298.4576721191406,397.94842529296875,93.81977081298828,160.19000244140625,118.95662669491065,108.7085564475306,0.015015110126608522
2023-04-28,167.41342163085938,106.53504943847656,300.8369140625,401.3450012207031,95.3331298828125,164.30999755859375,120.3808011733147,109.63640750183896,0.011972216411756798
2023-05-01,167.3246307373047,106.3960952758789,299.1724548339844,400.93975830078125,92.5842514038086,161.8300018310547,118.6733209228739,109.52570629023633,-0.014183991415562083
2023-05-02,166.28866577148438,104.53020477294922,299.0255432128906,396.4335021972656,94.89143371582031,160.30999755859375,119.28432952587326,108.29472115532741,0.005148660189567427
2023-05-03,165.21324157714844,104.6195297241211,298.0367126464844,393.7123718261719,95.4211196899414,160.61000061035156,119.32642381100092,107.55138323577323,0.00035289031924775087
2023-05-04,163.5753936767578,103.90493774414062,299.0255432128906,390.9237365722656,94.47846984863281,161.1999969482422,118.6146562268104,106.7896048402747,-0.005964878200974649
2023-05-05,171.25148010253906,104.7783203125,304.1560974121094,398.16070556640625,94.16429138183594,170.05999755859375,120.56831066088604,108.76654557531941,0.016470598964936932
2023-05-08,171.18240356445312,106.96182250976562,302.19781494140625,398.2668762207031,92.84458923339844,171.7899932861328,120.1457976003278,108.7955484757762,-0.0035043458620451105
2023-05-09,169.4755096435547,106.54497528076172,300.5823059082031,396.52032470703125,92.51242065429688,169.14999389648438,119.4136715288239,108.3184386752468,-0.006093646936694164
2023-05-10,171.2416229248047,110.91197967529297,305.7812805175781,398.3730163574219,93.41017150878906,168.5399932861328,120.8758450293759,108.82454303967062,0.012244607186364352
2023-05-11,171.4290771484375,115.69583129882812,303.62725830078125,397.67828369140625,94.397705078125,172.0800018310547,122.03329882141838,108.63476119750375,0.009575559052027328
2023-05-12,170.5003662109375,116.6287841796875,302.5111389160156,397.15716552734375,93.60768127441406,167.97999572753906,121.2499762727302,108.4924060586133,-0.006418924639859846
2023-05-15,170.00633239746094,115.63628387451172,302.9909362792969,398.5274658203125,92.63810729980469,166.35000610351562,120.5447651592257,108.8667343817838,-0.005816175270156487
2023-05-16,170.00633239746094,118.61378479003906,305.2232360839844,395.86419677734375,92.35980224609375,166.52000427246094,120.77527629969282,108.13920258446765,0.0019122451328570493
2023-05-17,170.61888122558594,119.9338150024414,308.1080322265625,400.66961669921875,92.09046936035156,173.86000061035156,121.68427834089177,109.45191104020952,0.007526391733878868
2023-05-18,172.95059204101562,121.90889739990234,312.543212890625,404.5293273925781,91.408203125,176.88999938964844,122.36554088883247,110.5062777649209,0.005598607784254538
2023-05-19,173.0592803955078,121.83942413330078,312.36663818359375,403.9407043457031,90.76183319091797,180.13999938964844,122.22063888118112,110.3454821500861,-0.0011841733105482255
2023-05-22,172.1107940673828,124.11225128173828,315.1534118652344,404.1047668457031,90.43861389160156,188.8699951171875,122.93488615503057,110.39029950934327,0.005843917037152963
2023-05-23,169.50245666503906,121.64090728759766,309.34442138671875,399.56951904296875,90.69896697998047,185.77000427246094,121.87255384723876,109.15139464019062,-0.0086414226345166
2023-05-24,169.77908325195312,119.99337005615234,307.96087646484375,396.67474365234375,90.2501220703125,182.89999389648438,121.13773579716627,108.36062168079768,-0.006029397324302872
2023-05-25,170.9153289794922,122.55401611328125,319.8044128417969,400.10992431640625,90.0256576538086,184.47000122070312,122.30502977816838,109.29901848649375,0.00963608881510406
2023-05-26,173.32603454589844,123.67554473876953,326.6436462402344,405.29156494140625,90.75283813476562,193.1699981689453,124.19842681481683,110.71450008303214,0.01548094170846951
2023-05-30,175.17361450195312,122.74259185791016,324.9951171875,405.44598388671875,91.65957641601562,201.16000366210938,125.22410991529856,110.75668308858295,0.008258422645006851
2023-05-31,175.12420654296875,121.94860076904297,322.2280578613281,403.1977233886719,92.45854187011719,203.92999267578125,125.51749130348115,110.1425202028252,0.002342850656962431
2023-06-01,177.9301300048828,122.79220581054688,326.3394775390625,407.0285339355469,92.82132720947266,207.52000427246094,126.68343211195155,111.1889922029799,0.009289070362722019
2023-06-02,178.7798309326172,123.73509979248047,329.1065368652344,412.9146423339844,91.80416107177734,213.97000122070312,127.05423216757865,112.79691500507857,0.00292698144852469
2023-06-05,177.4263153076172,125.0650405883789,329.6364440917969,412.1233215332031,91.6331558227539,217.61000061035156,127.17431938258754,112.58074794303656,0.0009451650130826218
2023-06-06,177.06069946289062,126.35528564453125,327.41876220703125,413.02069091796875,92.1732406616211,221.30999755859375,127.68162251874836,112.82588455928592,0.003989037555881559
2023-06-07,175.6873779296875,121.58136749267578,317.31207275390625,411.59259033203125,90.80502319335938,224.57000732421875,125.84529530834688,112.43576678700214,-0.014382079223122676
2023-06-08,178.40440368652344,121.22406768798828,319.1567687988281,414.0821533203125,91.8671646118164,234.86000061035156,127.45153970083763,113.1158468713548,0.012763642761178485
2023-06-09,178.78973388671875,121.31338500976562,320.6580810546875,414.8251647949219,91.74114990234375,244.39999389648438,128.06279784384185,113.31881715517808,0.004796004382834473
2023-06-12,181.5857696533203,122.71280670166016,325.6231689453125,418.58831787109375,92.01119995117188,249.8300018310547,129.35986273285457,114.34680699657666,0.01012835039411173
2023-06-13,181.1115264892578,122.9013900756836,328.017333984375,421.3481140136719,91.1020736694336,258.7099914550781,129.5055598612616,115.10070734064325,0.0011262931587050383
2023-06-14,181.7438201904297,122.74259185791016,331.01007080078125,421.8498229980469,91.8311767578125,256.7900085449219,130.06777201828262,115.2377604258716,0.004341220235048682
2023-06-15,183.77915954589844,124.15194702148438,341.5682373046875,427.079833984375,92.71329498291016,255.89999389648438,131.67386441668503,116.66645547375347,0.01234811954937378
2023-06-16,182.70220947265625,122.6036376953125,335.9064636230469,425.6250915527344,92.3532485961914,260.5400085449219,131.05588320621712,116.2690598825278,-0.004693271616243467
2023-06-20,182.79112243652344,122.17686462402344,331.70672607421875,423.4168701171875,92.9923324584961,274.45001220703125,131.7685117956371,115.66583456658877,0.0054375932768972405
2023-06-21,181.75372314453125,119.64598846435547,327.3010559082031,421.24737548828125,93.21739196777344,259.4599914550781,130.46121024820602,115.07318834828688,-0.00992119839266773
2023-06-22,184.75726318359375,122.22649383544922,333.335693359375,422.7679748535156,92.09219360351562,264.6099853515625,131.10292383617156,115.48857424108935,0.004918807565441861
2023-06-23,184.4411163330078,121.42256164550781,328.7336120605469,419.5718078613281,93.01031494140625,256.6000061035156,130.73837949854646,114.61546939181106,-0.002780596549323627
2023-06-26,183.0480194091797,117.45255279541016,322.4341735839844,417.8575439453125,93.10934448242188,241.0500030517578,128.99698894936392,114.14717967426047,-0.013319658357872612
2023-06-27,185.8045654296875,117.44264221191406,328.2921447753906,422.4386291503906,92.86631774902344,250.2100067138672,130.1357677292363,115.3986060600806,0.008827948536995723
2023-06-28,186.98028564453125,119.27875518798828,329.5480651855469,422.6517639160156,93.26236724853516,256.239990234375,131.07960695793258,115.45682861161555,0.007252727249129943
2023-06-29,187.31619262695312,118.20686340332031,328.7630920410156,424.3175964355469,91.57913970947266,257.5,130.1201147211573,115.91188820469793,-0.007319920001615538
2023-06-30,191.6436767578125,118.80235290527344,334.15008544921875,429.3247985839844,92.65930938720703,261.7699890136719,131.93962072258208,117.27971801077616,0.013983280028025525
2023-07-03,190.1518096923828,119.00086212158203,331.64794921875,429.81878662109375,92.13400268554688,279.82000732421875,132.28516250269215,117.41466194572696,0.0026189387101287986
2023-07-05,189.0353546142578,120.83698272705078,331.80487060546875,429.1795349121094,91.25849914550781,282.4800109863281,131.98541733042376,117.24003597393389,-0.0022659016823771694
2023-07-06,189.50955200195312,119.20928955078125,334.86639404296875,425.8188171386719,89.96783447265625,276.5400085449219,130.91240898003656,116.32198038040067,-0.00812974927147403
2023-07-07,188.39315795898438,118.58401489257812,330.8923645019531,424.7436828613281,89.4262924194336,274.42999267578125,130.04688220540206,116.0282832883937,-0.006611495284350655
2023-07-10,186.34796142578125,115.57673645019531,325.603515625,425.8188171386719,89.54361724853516,269.6099853515625,129.06627863649567,116.32198038040067,-0.007540385069421064
2023-07-11,185.82432556152344,116.26156616210938,326.23150634765625,428.5306701660156,90.00395965576172,269.7900085449219,129.48191858421904,117.06278398499683,0.003220360516429044
2023-07-12,187.4940643310547,118.03813934326172,330.87274169921875,431.978515625,91.00579071044922,271.989990234375,130.91688179751318,118.00464046407306,0.011082344384330155
2023-07-13,188.2548065185547,123.60607147216797,336.2302551269531,435.4070739746094,91.96250915527344,277.8999938964844,132.8709649528011,118.94122823573663,0.014926135792863471
2023-07-14,188.40301513671875,124.47945404052734,338.7619323730469,435.1358947753906,91.42096710205078,281.3800048828125,132.97574656297695,118.86714954258947,0.0007885967428103656
2023-07-17,191.66346740722656,123.71524047851562,339.24273681640625,436.64678955078125,91.46610260009766,290.3800048828125,133.76536408822884,119.2798844085609,0.005938056718319739
2023-07-18,191.4065399169922,122.83190155029297,352.7445068359375,439.891357421875,91.88127136230469,293.3399963378906,134.92014798597756,120.16621104574503,0.00863290662437154
2023-07-19,192.76016235351562,121.1148910522461,348.417236328125,440.8695373535156,92.91922760009766,291.260009765625,135.1703992492287,120.4334228791285,0.0018548101746606377
2023-07-20,190.81375122070312,118.30611419677734,340.36126708984375,437.944580078125,91.791015625,262.8999938964844,132.12106521009395,119.63440505955974,-0.022559184970019602
2023-07-21,189.63803100585938,119.11996459960938,337.3194885253906,437.944580078125,91.81807708740234,260.0199890136719,131.7835740546893,119.63440505955974,-0.0025544083743798186
2023-07-24,190.43832397460938,120.61864471435547,338.6342468261719,439.9010314941406,91.4841537475586,269.05999755859375,132.43517391131377,120.16885373601376,0.004944469455306123
2023-07-25,191.29788208007812,121.29353332519531,344.3941955566406,441.10198974609375,91.31269073486328,265.2799987792969,132.6876460424344,120.49692247463852,0.0019063827506258018
2023-07-26,192.16732788085938,128.3005828857422,331.4320373535156,441.1698303222656,91.40289306640625,264.3500061035156,132.8034816341464,120.51545465276885,0.0008729945489797282
2023-07-27,190.9026641845703,128.4296112060547,324.5143737792969,438.2448425292969,89.62484741210938,255.7100067138672,130.71449168965609,119.7164284966377,-0.015729933573919393
2023-07-28,193.48138427734375,131.58580017089844,332.0207824707031,442.535400390625,90.0851821899414,266.44000244140625,132.69914248460032,120.88849080877327,0.015183096910603055
2023-07-31,194.0939483642578,131.72471618652344,329.6167907714844,443.3780517578125,90.3017807006836,267.42999267578125,132.83424690505666,121.11867996870788,0.0010181257989064331
2023-08-01,193.26402282714844,130.56350708007812,330.0289001464844,442.1092529296875,88.82200622558594,261.07000732421875,131.43224302529552,120.7720790519528,-0.010554536291858575
2023-08-02,190.2703399658203,127.41727447509766,321.354736328125,435.95916748046875,87.8717269897461,254.11000061035156,129.1962892004223,119.09204498542437,-0.017012216891428067
2023-08-03,188.8772735595703,127.48676300048828,320.5305480957031,434.70977783203125,85.84439086914062,259.32000732421875,128.04730725243857,118.75074612233138,-0.008893304560793902
2023-08-04,179.80735778808594,127.1492919921875,321.62945556640625,432.74371337890625,87.36487579345703,253.86000061035156,127.73661185425982,118.2136714287334,-0.002426411026092334
2023-08-07,176.70504760742188,130.5436553955078,323.9158020019531,436.5209045410156,86.50508880615234,251.4499969482422,127.37062417788042,119.2454960888184,-0.0028651744481603854
2023-08-08,177.64361572265625,130.4146270751953,319.93194580078125,434.6225891113281,87.50968933105469,249.6999969482422,127.67217016048559,118.72692856366368,0.0023674688300504235
2023-08-09,176.05294799804688,128.68768310546875,316.1836853027344,431.717041015625,87.96220397949219,242.19000244140625,126.90199735870678,117.93321279775701,-0.006032425083796294
2023-08-10,175.8355712890625,128.7174530029297,316.8705139160156,431.8720703125,86.51414489746094,245.33999633789062,126.256749678397,117.97556253455508,-0.00508461406234521
2023-08-11,175.89491271972656,128.58840942382812,314.986572265625,431.6202087402344,86.31501770019531,242.64999389648438,125.87584867774912,117.90676088538297,-0.003016876338240188
2023-08-14,177.54714965820312,130.3451385498047,317.9596862792969,434.0027770996094,86.12495422363281,239.75999450683594,126.21208716367593,118.55761298209508,0.0026711914116870124
2023-08-15,175.5585479736328,128.80677795410156,315.8205871582031,428.9471435546875,85.60002136230469,232.9600067138672,124.91103295772925,117.17655305154864,-0.010308475481111669
2023-08-16,174.68792724609375,127.73487091064453,315.0536193847656,425.7994689941406,84.93028259277344,225.60000610351562,123.79144254752413,116.31669499986327,-0.008963102647497966
2023-08-17,172.1453399658203,128.94573974609375,311.5923767089844,422.5549621582031,84.5682601928711,219.22000122070312,122.77904407636949,115.43038503580388,-0.00817825893551551
2023-08-18,172.630126953125,126.5041732788086,311.19903564453125,422.75830078125,84.8669204711914,215.49000549316406,122.54562349745382,115.4859315508207,-0.0019011434782834737
2023-08-21,173.96571350097656,127.40734100341797,316.5089111328125,425.50885009765625,83.73561096191406,231.27999877929688,123.41322046203118,116.23730591649166,0.007079787427866725
2023-08-22,175.3408966064453,128.11204528808594,317.0792236328125,424.3563537597656,84.37820434570312,233.19000244140625,124.10849961957142,115.92247563889748,0.00563374940656497
2023-08-23,179.18943786621094,131.37734985351562,321.54351806640625,429.0827331542969,86.4688720703125,236.86000061035156,126.65912477342687,117.21359239812222,0.020551575127198095
2023-08-24,174.4999542236328,128.80677795410156,314.63079833984375,423.1360168457031,85.898681640625,230.0399932861328,124.63132253955824,115.58911318317296,-0.016009918254970085
2023-08-25,176.70619201660156,128.90603637695312,317.590576171875,426.1190490722656,86.17926788330078,238.58999633789062,125.76707926207303,116.40399548091627,0.009112931640072309
2023-08-28,178.26937866210938,130.0275421142578,318.2985534667969,428.8211975097656,86.2697982788086,238.82000732421875,126.23016208426527,117.14214805868137,0.0036820670791541388
2023-08-29,182.15745544433594,133.5608673095703,322.92999267578125,435.01971435546875,87.16576385498047,257.17999267578125,128.93893465350658,118.83541224967801,0.02145899620593882
2023-08-30,185.64984130859375,134.86102294921875,323.3036193847656,436.8114929199219,87.07527923583984,256.8999938964844,129.44316810613415,119.32487683562765,0.003910637651711735
2023-08-31,185.86749267578125,135.1488494873047,322.2908020019531,436.1722717285156,87.46444702148438,258.0799865722656,129.7046544562332,119.15025920039695,0.002020086142241245
2023-09-01,187.44056701660156,134.64268493652344,323.1757507324219,436.9858093261719,86.10189056396484,245.00999450683594,128.43325025467905,119.37249527983838,-0.009802302059893686
2023-09-05,187.677978515625,134.75186157226562,327.9841613769531,435.09716796875,84.89452362060547,256.489990234375,128.58058611793084,118.85657044495233,0.0011471784990227268
2023-09-06,180.9603729248047,133.45169067382812,327.3253479003906,432.1722412109375,85.10331726074219,251.9199981689453,127.53839380178475,118.05756096194591,-0.008105362929285598
2023-09-07,175.66738891601562,134.2456817626953,324.4049377441406,430.84539794921875,85.33935546875,251.49000549316406,126.96459394503634,117.69510390357863,-0.00449903624817633
2023-09-08,176.28077697753906,135.35726928710938,328.692138671875,431.4942932128906,85.66615295410156,248.5,127.45056043674083,117.87236422907803,0.003827574890011243
2023-09-11,177.4481964111328,135.89324951171875,332.30096435546875,434.33209228515625,85.04888153076172,273.5799865722656,128.84031334471905,118.64757282654143,0.010904251054023418
2023-09-12,174.4208221435547,134.32508850097656,326.2338562011719,431.9494934082031,85.53905487060547,267.4800109863281,127.9481434530434,117.99671239326695,-0.006924617524707526
2023-09-13,172.35311889648438,135.68478393554688,330.4523010253906,432.45318603515625,85.52090454101562,271.29998779296875,128.28509751583087,118.13430735504882,0.0026335205317860326
2023-09-14,173.86680603027344,137.06439208984375,333.0482482910156,436.18194580078125,84.90361022949219,276.0400085449219,128.70005766546632,119.15290189066563,0.0032346715064408
2023-09-15,173.14456176757812,136.36964416503906,324.7097473144531,430.9266662597656,84.38619232177734,274.3900146484375,127.52557161434903,117.71730416914816,-0.00912576165404812
2023-09-18,176.07302856445312,137.17355346679688,323.56915283203125,431.17938232421875,84.86730194091797,265.2799987792969,127.73199504192911,117.7863392420664,0.0016186826294285416
2023-09-19,177.1613006591797,137.00482177734375,323.1659851074219,430.2851867675781,84.24095916748047,266.5,127.46600821319618,117.54206962830267,-0.002082382167800873
2023-09-20,173.61947631835938,132.73707580566406,315.4173889160156,426.32940673828125,84.50420379638672,262.5899963378906,126.08338889672828,116.46145940527629,-0.010846964895577332
2023-09-21,172.07608032226562,129.4618377685547,314.1980895996094,419.2828674316406,82.33464050292969,255.6999969482422,123.69700158804031,114.53653881936934,-0.018927055574645142
2023-09-22,172.92689514160156,129.27325439453125,311.72021484375,418.34014892578125,82.99730682373047,244.8800048828125,123.47138618011112,114.27901407145032,-0.0018239359485896056
2023-09-25,174.20315551757812,130.1268310546875,312.2413635253906,420.09930419921875,80.95482635498047,246.99000549316406,122.66347266042028,114.75956687223514,-0.006543325904775366
2023-09-26,170.12705993652344,127.60585021972656,306.9314270019531,413.92755126953125,80.67342376708984,244.1199951171875,121.1891172974129,113.0736138464298,-0.012019514294112327
2023-09-27,168.61337280273438,129.56106567382812,307.5705871582031,414.0927429199219,80.255859375,240.5,120.82514077677655,113.11873965849435,-0.0030033762828976353
2023-09-28,168.87062072753906,131.3177947998047,308.4064636230469,416.4934387207031,80.50092315673828,246.3800048828125,121.57890584498836,113.7745436732494,0.006238478708701657
2023-09-29,169.3850860595703,129.87864685058594,310.4811706542969,415.4826354980469,80.51004028320312,250.22000122070312,121.78939549360153,113.49842005470114,0.0017313007314076368
2023-10-02,171.8979949951172,133.1638641357422,316.4302062988281,415.3174133300781,79.16228485107422,251.60000610351562,121.96532538166514,113.45328590607424,0.0014445419270747379
2023-10-03,170.5623779296875,131.43690490722656,308.1606140136719,409.7579345703125,77.45939636230469,246.52999877929688,119.7283954524631,111.93458933093414,-0.018340703984530297
2023-10-04,171.80894470214844,134.22581481933594,313.63763427734375,412.74176025390625,78.55213928222656,261.1600036621094,121.90620950993687,112.74968837929889,0.018189620342306034
2023-10-05,173.04563903808594,134.05711364746094,314.031005859375,412.5862731933594,78.16056060791016,260.04998779296875,121.74596076525219,112.70721359406541,-0.0013145248739082403
2023-10-06,175.59812927246094,136.54827880859375,321.7991638183594,417.48486328125,77.21348571777344,260.5299987792969,122.27025209523757,114.0453735746979,0.004306437163827592
2023-10-09,177.0821533203125,137.38197326660156,324.3163757324219,420.15765380859375,79.02568054199219,259.6700134277344,123.82915813202351,114.77550637947095,0.012749675494017022
2023-10-10,176.488525390625,137.024658203125,322.91033935546875,422.3445129394531,78.9164047241211,263.6199951171875,123.83848080763538,115.37289610175672,7.528659447026429e-05
2023-10-11,177.88351440429688,139.4960174560547,326.873046875,424.0745544433594,80.56465911865234,262.989990234375,125.4923515335615,115.84549582204839,0.013355063104295916
2023-10-12,178.7838134765625,137.9278564453125,325.6340637207031,421.48919677734375,78.37914276123047,258.8699951171875,123.7403797669153,115.13924726844196,-0.01396078522106322
2023-10-13,176.94366455078125,136.32992553710938,322.26129150390625,419.3898010253906,79.78150939941406,251.1199951171875,123.6672388767555,114.56575013388517,-0.0005910834466289986
2023-10-16,176.81504821777344,138.056884765625,327.08935546875,423.8023986816406,78.49750518798828,253.9199981689453,123.56021019729842,115.77115035890566,-0.0008654570153681096
2023-10-17,175.2617645263672,138.67222595214844,326.51910400390625,423.782958984375,77.63238525390625,254.85000610351562,122.9201390954696,115.76583996868118,-0.005180236427299466
2023-10-18,173.96571350097656,136.92544555664062,324.6015319824219,418.1360168457031,76.94940185546875,242.67999267578125,121.33732843539914,114.22325080581209,-0.012876739903793268
2023-10-19,173.5897979736328,136.7169952392578,325.7914123535156,414.46209716796875,75.37398529052734,220.11000061035156,119.11748244451172,113.21963707275948,-0.01829483160303216
2023-10-20,171.03729248046875,134.5831298828125,321.2190246582031,409.3691711425781,75.80198669433594,211.99000549316406,118.10282186190429,111.82838986300689,-0.008518149995993369
2023-10-23,171.15599060058594,135.47637939453125,323.8247375488281,408.6596374511719,76.71263885498047,212.0800018310547,118.88928776215147,111.63456478809455,0.006659162650379224
2023-10-24,171.59133911132812,137.76904296875,325.0145568847656,411.7406921386719,77.72344970703125,216.52000427246094,120.16652753197383,112.47622412414404,0.01074310220764051
2023-10-25,169.2762451171875,124.66802978515625,334.9853515625,405.831298828125,75.99320983886719,212.4199981689453,117.86354803996764,110.8619405249633,-0.01916490007080727
2023-10-26,165.11111450195312,121.3630142211914,322.41864013671875,400.97161865234375,77.15885925292969,205.75999450683594,116.66531997421635,109.53440966134214,-0.010166231083973232
2023-10-27,166.4269561767578,121.25383758544922,324.3066101074219,399.1541748046875,76.83102416992188,207.3000030517578,116.73292274645009,109.03793402644621,0.0005794590221729344
2023-10-30,168.47486877441406,123.52667236328125,331.6815185546875,403.92633056640625,76.4849624633789,197.36000061035156,116.93489486675783,110.34155562921369,0.0017302070020677853
2023-10-31,168.94976806640625,123.14952087402344,332.4681091308594,406.463134765625,76.11162567138672,200.83999633789062,117.04154750878189,111.03454071210244,0.0009120685672619809
2023-11-01,172.1156463623047,125.50173950195312,340.2952575683594,410.7978820800781,77.76188659667969,205.66000366210938,119.42819383830066,112.21867436653793,0.020391445433850776
2023-11-02,175.67727661132812,126.53394317626953,342.50775146484375,418.67059326171875,79.53459167480469,218.50999450683594,122.07770221729581,114.36928236870409,0.022184948912335224
2023-11-03,174.76707458496094,128.1318817138672,346.9129638671875,422.4903259277344,80.07371520996094,219.9600067138672,122.89589931969635,115.41272819672147,0.00670226493077456
2023-11-06,177.319580078125,129.27325439453125,350.58074951171875,423.4622497558594,79.2970199584961,219.27000427246094,122.98240624026766,115.67823103482078,0.0007039040443999941
2023-11-07,179.88198852539062,129.98785400390625,354.5140075683594,424.66741943359375,80.46663665771484,222.17999267578125,124.44773461200123,116.00745021905145,0.011914943092516683
2023-11-08,180.9405517578125,130.851318359375,357.139404296875,424.9784240722656,81.83731079101562,222.11000061035156,125.63162868316023,116.0924081260808,0.009513182982800693
2023-11-09,180.46571350097656,129.26332092285156,354.6713562011719,421.66412353515625,79.9549331665039,209.97999572753906,123.35951281781013,115.1870324438999,-0.018085540155499437
2023-11-10,184.65611267089844,131.595703125,363.5014343261719,428.2441101074219,80.4026870727539,214.64999389648438,125.2156246365957,116.98450366441931,0.01504636145513054
2023-11-13,183.07110595703125,131.09945678710938,360.5613708496094,427.8359375,80.21994018554688,223.7100067138672,125.25801013123863,116.87300214282995,0.00033850004554884013
2023-11-14,185.6864013671875,132.6179656982422,364.0914306640625,436.1362609863281,82.03832244873047,237.41000366210938,128.00125598007978,119.14042205680995,0.02190076184322983
2023-11-15,186.2510223388672,133.6104736328125,364.2392272949219,437.0595703125,80.886962890625,242.83999633789062,127.76451914309239,119.39264475106685,-0.0018494883911468701
2023-11-16,187.9351806640625,135.9031524658203,370.643798828125,437.5942077636719,81.8921127319336,233.58999633789062,128.65806461980543,119.53869298708359,0.0069936902882425265
2023-11-17,187.91534423828125,134.29530334472656,364.4166259765625,438.138427734375,82.27590942382812,234.3000030517578,128.47587253641348,119.68735890368197,-0.001416095321582267
2023-11-20,189.65887451171875,135.228271484375,371.8951110839844,441.51104736328125,82.77847290039062,235.60000610351562,129.62350124460121,120.60866575653631,0.008932639923207641
2023-11-21,188.85646057128906,135.94287109375,367.58929443359375,440.54876708984375,82.74195098876953,241.1999969482422,129.64159455944568,120.34579727214336,0.00013958359919893915
2023-11-22,189.5201873779297,137.45144653320312,372.299072265625,442.2497253417969,83.03433990478516,234.2100067138672,129.96056001226407,120.81045224850419,0.0024603635422900116
2023-11-24,188.1927032470703,135.6649627685547,371.8852233886719,442.5218505859375,82.05662536621094,235.4499969482422,129.09813019124874,120.88478937508455,-0.006636088832904036
2023-11-27,188.01438903808594,135.38705444335938,373.04791259765625,441.7248840332031,83.42725372314453,236.0800018310547,129.9877263125194,120.66708004900559,0.0068908520979568625
2023-11-28,188.6186981201172,136.17112731933594,377.07781982421875,442.1622314453125,83.59173583984375,246.72000122070312,131.03753809332045,120.78655132421285,0.008076237738607895
2023-11-29,187.59832763671875,133.97772216796875,373.28436279296875,441.8512268066406,84.642578125,244.13999938964844,131.03506741024148,120.70159341718352,-1.885477333376552e-05
2023-11-30,188.1728973388672,131.53614807128906,373.3435363769531,443.5909729003906,83.66484832763672,240.0800018310547,130.08782412859165,121.17684416430625,-0.0072289296321281895
2023-12-01,189.45083618164062,130.87118530273438,369.0081481933594,446.2152099609375,85.2405776977539,238.8300018310547,130.91723423370672,121.89371349836165,0.0063757704510086395
2023-12-04,187.6577606201172,128.3005828857422,363.717041015625,443.872802734375,84.90142822265625,235.5800018310547,129.73741262729106,121.25383231771767,-0.009011965562223183
2023-12-05,191.61044311523438,130.00772094726562,367.0473327636719,443.78533935546875,86.72557830810547,238.72000122070312,131.7834861917346,121.22993972998867,0.01577088307072596
2023-12-06,190.520751953125,129.0449676513672,363.3819885253906,441.9970397949219,87.88058471679688,239.3699951171875,132.0608909877902,120.74142551214831,0.0021050042313498166
2023-12-07,192.45249938964844,135.9031524658203,365.5004577636719,445.3696594238281,87.37641906738281,242.63999938964844,133.05719774476154,121.66273236500263,0.007544298312082554
2023-12-08,193.87905883789062,133.97772216796875,368.7322998046875,447.2843322753906,86.66142272949219,243.83999633789062,132.8805956914041,122.1857682875833,-0.0013272641867611683
2023-12-11,191.3726806640625,132.29043579101562,365.84527587890625,449.0240783691406,86.47808074951172,239.74000549316406,132.01532222147588,122.66101903470602,-0.006511661581783406
2023-12-12,192.88836669921875,131.52622985839844,368.8800354003906,451.07489013671875,86.7347412109375,237.00999450683594,132.32684889526308,123.22124436198277,0.0023597766421731836
2023-12-13,196.10797119140625,131.5758514404297,368.87017822265625,457.2952575683594,88.76972961425781,239.2899932861328,134.2142700672432,124.92047753163047,0.014263327417960466
2023-12-14,196.25657653808594,130.9505615234375,360.55419921875,458.76287841796875,91.07891082763672,251.0500030517578,135.81108538163284,125.32139115217282,0.011897507720972051
2023-12-15,195.72161865234375,131.60562133789062,365.2837219238281,458.007568359375,91.1800537109375,253.5,136.26122129134558,125.11506123371774,0.003314426863226
2023-12-18,194.05734252929688,134.7816162109375,367.1754455566406,460.5838928222656,90.45358276367188,252.0800018310547,136.08816520730147,125.81884216486507,-0.00127003179924608
2023-12-19,195.09750366210938,135.62525939941406,367.7765808105469,463.3846435546875,90.94097137451172,257.2200012207031,136.9697380137027,126.58393017562123,0.006477953502116507
2023-12-20,193.00726318359375,137.3025665283203,365.1752624511719,456.9634094238281,91.5571060180664,247.13999938964844,136.41832203034795,124.829825752508,-0.004025823450867783
2023-12-21,192.858642578125,139.36697387695312,368.05242919921875,461.2962646484375,90.97775268554688,254.5,136.95922247329608,126.01344254007705,0.003965013166104004
2023-12-22,191.7887725830078,140.42897033691406,369.07708740234375,462.22332763671875,90.56391143798828,252.5399932861328,136.6796615282319,126.26669063150446,-0.0020411983947902666
2023-12-26,191.24391174316406,140.45872497558594,369.15594482421875,464.175048828125,90.82139587402344,256.6099853515625,137.06212060480235,126.7998471407924,0.0027982149816156822
2023-12-27,191.34295654296875,139.3173370361328,368.5746154785156,465.0143127441406,92.43074035644531,261.44000244140625,138.18326935651316,127.02911094230484,0.008179858496013498
2023-12-28,191.76893615722656,139.1783905029297,369.7668151855469,465.1899719238281,91.75943756103516,253.17999267578125,137.44988089313145,127.07709619525949,-0.005307360773825521
2023-12-29,190.728759765625,138.64247131347656,370.5156555175781,463.8432922363281,90.93177032470703,248.47999572753906,136.53600906471965,126.70922037135703,-0.006648764062024387
2024-01-02,183.9032440185547,137.13385009765625,365.42156982421875,461.2474670410156,90.4075698852539,248.4199981689453,134.97839317210665,126.0001123768605,-0.011408095954193908
2024-01-03,182.52622985839844,137.87823486328125,365.1556091308594,457.48052978515625,90.7846450805664,238.4499969482422,134.4585605868045,124.97108880172907,-0.003851228134263829
2024-01-04,180.20811462402344,135.3671875,362.5346374511719,456.0069580078125,89.40521240234375,237.92999267578125,132.92292388357737,124.56854955152615,-0.01142089203190421
2024-01-05,179.48495483398438,134.712158203125,362.34747314453125,456.6316223144531,88.54995727539062,237.49000549316406,132.253307789161,124.73919064651027,-0.005037626880694079
2024-01-08,183.823974609375,137.79884338378906,369.18548583984375,463.1504211425781,89.423583984375,240.4499969482422,134.2858525691789,126.51994705949421,0.01536857424585717
2024-01-09,183.40789794921875,139.8930206298828,370.2693786621094,462.4477844238281,88.85343170166016,234.9600067138672,133.83402573627,126.32800604767563,-0.003364664439808574
2024-01-10,184.44808959960938,141.21302795410156,377.14678955078125,465.0630798339844,88.43958282470703,233.94000244140625,134.2152875827466,127.04243276895899,0.00284876618168769
2024-01-11,183.8536834716797,141.01451110839844,378.9795227050781,464.85821533203125,88.93619537353516,227.22000122070312,134.13938544081654,126.98646942582408,-0.0005655253086074009
2024-01-12,184.18060302734375,141.58026123046875,382.7630615234375,465.1802062988281,88.76145935058594,218.88999938964844,133.84196724645204,127.07442849530366,-0.002217232421239135
2024-01-16,181.91201782226562,141.42147827148438,384.53656005859375,463.4724426269531,87.1981201171875,219.91000366210938,132.74299471882156,126.60791446553613,-0.008210971119446282
2024-01-17,180.9709014892578,140.4091033935547,383.74835205078125,460.8961486816406,87.0601806640625,215.5500030517578,132.08318214597733,125.90414187095116,-0.004970601832826283
2024-01-18,186.86524963378906,142.40403747558594,388.083740234375,464.9947814941406,86.25090789794922,211.8800048828125,132.54143933618087,127.02377554239324,0.0034694590390551665
2024-01-19,189.7678680419922,145.2822723388672,392.813232421875,470.7914733886719,86.52679443359375,212.19000244140625,133.7146375380352,128.60727221677178,0.008851557729643878
2024-01-22,192.0760498046875,144.8952178955078,390.6849670410156,471.7868957519531,87.0417709350586,208.8000030517578,133.94727818901637,128.87919420788967,0.0017398293505077656
2024-01-23,193.35397338867188,145.93734741210938,393.03985595703125,473.1628723144531,86.3520736694336,209.13999938964844,133.93473218865722,129.25507313165946,-9.366372000075814e-05
2024-01-24,192.68032836914062,147.58486938476562,396.64605712890625,473.6801452636719,85.8462905883789,207.8300018310547,133.81722566982853,129.39637786369232,-0.0008773416492383669
2024-01-25,192.35342407226562,150.73110961914062,398.9221496582031,476.25640869140625,86.40725708007812,182.6300048828125,132.98360924658593,130.10014212171492,-0.0062295150648198246
2024-01-26,190.61976623535156,151.0487060546875,397.9959716796875,475.6513977050781,86.24171447753906,183.25,132.7118741870329,129.9348697728918,-0.0020433725711953453
2024-01-29,189.9362335205078,152.3588104248047,403.7008972167969,479.41827392578125,87.23491668701172,190.92999267578125,134.31358864969127,130.96387667489853,0.012069111919865356
2024-01-30,186.28077697753906,150.32420349121094,402.58746337890625,479.0474548339844,88.02577209472656,191.58999633789062,134.21402001003995,130.86257910564004,-0.0007413147147085066
2024-01-31,182.6748046875,139.0493927001953,391.7392578125,471.23065185546875,88.89022827148438,187.2899932861328,132.28216483055692,128.72724368572074,-0.014393840370316916
2024-02-01,185.11181640625,140.10145568847656,397.8481750488281,477.398193359375,90.6338882446289,188.86000061035156,134.27834410612363,130.41204626592014,0.015090313029905931
2024-02-02,184.11126708984375,141.3123016357422,405.17889404296875,482.4239501953125,88.63189697265625,187.91000366210938,133.54405632664893,131.78494470191436,-0.005468400614877815
2024-02-05,185.92413330078125,142.60252380371094,399.690673828125,480.66741943359375,86.84208679199219,181.05999755859375,131.97775407341595,131.30510884549264,-0.011728730550177369
2024-02-06,187.5289764404297,143.01939392089844,399.53302001953125,482.06292724609375,87.69087982177734,185.10000610351562,133.02818481414312,131.68632316917405,0.007959149995406301
2024-02-07,187.63796997070312,144.44857788085938,407.9672546386719,486.08349609375,87.2664794921875,187.5800018310547,133.62560976772644,132.78463191409455,0.004490965237314293
2024-02-08,186.55816650390625,144.81581115722656,408.0263671875,486.2981872558594,86.7590560913086,189.55999755859375,133.383295178747,132.84327963030995,-0.0018133843460143685
2024-02-09,187.32192993164062,147.8826446533203,414.3717956542969,489.10870361328125,86.5837631225586,193.57000732421875,134.31027691650306,133.6110353410219,0.006949758862335675
2024-02-12,185.6356658935547,146.4236602783203,409.1595153808594,488.8940124511719,86.68524932861328,188.1300048828125,133.42260806732313,133.55238762480647,-0.0066090910506553914
2024-02-13,183.54275512695312,144.0515899658203,400.350830078125,482.16046142578125,85.19991302490234,184.02000427246094,131.16024766413452,131.7129668224824,-0.01695634972183315
2024-02-14,182.65992736816406,144.8455810546875,404.2203063964844,486.5421447753906,85.6335220336914,188.7100067138672,132.04854364028546,132.90992210983035,0.006772600631447729
2024-02-15,182.37229919433594,141.69935607910156,401.3280944824219,489.899169921875,86.07637023925781,200.4499969482422,132.77456657288863,133.8269689793178,0.005498151759862957
2024-02-16,180.8348388671875,139.4662322998047,398.86029052734375,487.45947265625,85.57816314697266,199.9499969482422,131.8683139162807,133.16051083786436,-0.006825498888828524
2024-02-20,180.09091186523438,140.0617218017578,397.6066589355469,484.7758483886719,85.6519775390625,193.75999450683594,131.34573987205448,132.42741855345287,-0.003962847697878297
2024-02-21,180.84475708007812,141.4810028076172,397.0044250488281,485.2149353027344,85.0430679321289,194.77000427246094,131.23832715712268,132.54736501271475,-0.0008177860586602195
2024-02-22,182.87818908691406,143.0094757080078,406.35260009765625,495.2567443847656,85.4582290649414,197.41000366210938,132.77075502492474,135.2905108578721,0.011676679374062682
2024-02-23,181.04315185546875,142.8804473876953,405.0594482421875,495.5982360839844,86.60224151611328,191.97000122070312,132.84979092718558,135.38379699070092,0.0005952809581147079
2024-02-26,179.69415283203125,136.5383758544922,402.29547119140625,493.7831726074219,86.3438949584961,199.39999389648438,132.28264726323633,134.88797160766921,-0.004269059514441481
2024-02-27,181.15223693847656,137.83853149414062,402.23626708984375,494.7004089355469,85.73500061035156,199.72999572753906,132.24002022237198,135.13853532601613,-0.0003222421212929318
2024-02-28,179.95204162597656,135.35726928710938,402.47314453125,494.046630859375,86.2793197631836,202.0399932861328,132.35352947758125,134.9599411505388,0.000858357817991995
2024-02-29,179.2874755859375,137.4216766357422,408.3170166015625,495.82275390625,86.88823699951172,201.8800048828125,133.18107132382139,135.44512907999683,0.006252510601768907
2024-03-01,178.206298828125,136.11158752441406,410.15301513671875,500.4776306152344,87.42964935302734,202.63999938964844,133.53057977783865,136.71671327360778,0.0026243102758011006
2024-03-04,173.6831817626953,132.35000610351562,409.58050537109375,499.9408874511719,87.07794189453125,188.13999938964844,131.4405493843199,136.57008981478808,-0.015652073083154906
2024-03-05,168.7434539794922,131.67510986328125,397.4683837890625,494.9444274902344,88.3180923461914,180.74000549316406,130.3301659352125,135.2051944786612,-0.00844779981754903
2024-03-06,167.75157165527344,130.4146270751953,396.9156494140625,497.4524230957031,88.83634948730469,176.5399932861328,130.13240234889867,135.89030984668042,-0.0015174045463284545
2024-03-07,167.63253784179688,133.3722686767578,403.8749084472656,502.3902893066406,88.75304412841797,178.64999389648438,130.99181909323607,137.23919898307258,0.00660417181904644
2024-03-08,169.34852600097656,134.39454650878906,400.992431640625,499.3749084472656,88.59574890136719,175.33999633789062,130.73894136855662,136.41547992922574,-0.0019304848686730993
2024-03-11,171.35218811035156,136.63760375976562,399.3143310546875,498.9455261230469,88.5494613647461,177.77000427246094,131.2497297208205,136.2981844967949,0.003906933518942735
2024-03-12,171.82830810546875,137.4613800048828,409.93585205078125,504.3128662109375,87.80906677246094,177.5399932861328,131.5924745590066,137.76439407530495,0.0026113946208889734
2024-03-13,169.7453155517578,138.74169921875,409.7581787109375,503.52227783203125,87.38335418701172,169.47999572753906,130.59397201627593,137.54842709075962,-0.007587839244431305
2024-03-14,171.60018920898438,142.02691650390625,419.74798583984375,502.5269775390625,86.04141998291016,162.5,130.22896821482092,137.27653844589116,-0.0027949513734793156
2024-03-15,171.22323608398438,140.1212615966797,411.0612487792969,499.07635498046875,86.01365661621094,163.57000732421875,129.5865764584592,136.33392333964,-0.004932786961054937
2024-03-18,172.31434631347656,146.57254028320312,411.94964599609375,502.0423583984375,85.75450897216797,173.8000030517578,131.08038198916455,137.14415383558543,0.011527471220633734
2024-03-19,174.65525817871094,145.92739868164062,415.9869689941406,504.8323669433594,85.99514770507812,171.32000732421875,131.51543206991226,137.90630737639023,0.0033189564612626675
2024-03-20,177.22427368164062,147.6245880126953,419.7578430175781,509.5016174316406,85.9673843383789,175.66000366210938,132.5752057696096,139.18181809087363,0.008058169927419413
2024-03-21,169.9833526611328,146.49313354492188,423.84454345703125,511.18548583984375,86.15248107910156,172.82000732421875,131.79835571172362,139.64180459231187,-0.005859693397240418
2024-03-22,170.88600158691406,149.6393585205078,423.2226257324219,510.21636962890625,86.97615051269531,170.8300018310547,132.48466882174884,139.37706871794987,0.0052072964516066255
2024-03-25,169.4675750732422,148.94461059570312,417.4183044433594,508.8067321777344,86.54118347167969,172.6300048828125,131.82363247678182,138.99199456589497,-0.004989530870597687
2024-03-26,168.33680725097656,149.5401153564453,416.223876953125,507.866943359375,86.78180694580078,177.6699981689453,132.19494489044345,138.73527012796268,0.0028167363217444503
2024-03-27,171.90765380859375,149.73861694335938,416.0067138671875,512.1349487304688,87.6424560546875,179.8300018310547,133.4189947886293,139.90117172051285,0.009259430450992468
2024-03-28,170.09246826171875,149.7981719970703,415.3058166503906,512.0370483398438,87.56842803955078,175.7899932861328,132.8319028593944,139.87442802845612,-0.004400362408403713
2024-04-01,168.65420532226562,154.32395935058594,419.1063537597656,511.1462707519531,85.93608856201172,175.22000122070312,132.19046583531622,139.63109210967693,-0.004828938005632344
2024-04-02,167.47384643554688,153.40093994140625,416.0166320800781,507.8962707519531,85.46250915527344,166.6300048828125,130.8029551796573,138.74328156439236,-0.01049629900985078
2024-04-03,168.27728271484375,153.7582244873047,415.0393371582031,508.45428466796875,85.44395446777344,168.3800048828125,131.02184027892318,138.8957156071783,0.0016733956734026167
2024-04-04,167.45399475097656,149.40115356445312,412.5024108886719,502.2480163574219,86.05680084228516,171.11000061035156,130.8626822988217,137.20033392934172,-0.001214743891267688
2024-04-05,168.2078399658203,151.3563995361328,420.0440673828125,507.4949035644531,84.85897827148438,164.89999389648438,130.41437804362818,138.6336390962097,-0.0034257608610670613
2024-04-08,167.0869903564453,153.6887969970703,419.1260681152344,507.7787780761719,84.84968566894531,172.97999572753906,131.08284653177344,138.71118579929936,0.0051257269188651425
2024-04-09,168.29710388183594,155.4256591796875,420.7943420410156,508.3661804199219,85.6389389038086,176.8800048828125,132.25007738565813,138.8716479516397,0.00890452782166077
2024-04-10,166.42242431640625,154.9691162109375,417.8132019042969,503.27581787109375,83.77259063720703,171.75999450683594,130.18161790069055,137.4811010131255,-0.015640516254184743
2024-04-11,173.6236572265625,158.21458435058594,422.42303466796875,507.0740051269531,83.39188385009766,174.60000610351562,131.5915152617246,138.51866122811543,0.010830233820796275
2024-04-12,175.12144470214844,156.54718017578125,416.4706726074219,500.0747985839844,83.83760070800781,171.0500030517578,131.17711556620387,136.60667065043168,-0.003149136893032445
2024-04-15,171.29266357421875,153.6986846923828,408.3170166015625,493.809814453125,82.53760528564453,161.47999572753906,128.411124741523,134.895249426611,-0.0210859250315265
2024-04-16,168.00946044921875,153.2421417236328,409.2448425292969,492.90924072265625,81.98978424072266,157.11000061035156,127.33571353214299,134.64923747131365,-0.008374751109334898
2024-04-17,166.64064025878906,154.30410766601562,406.5401611328125,489.9920959472656,82.89977264404297,155.4499969482422,127.49751586672258,133.8523538117095,0.0012706752103660577
2024-04-18,165.6884002685547,154.84005737304688,399.06756591796875,488.9837646484375,82.48192596435547,149.92999267578125,126.34495338458412,133.57690545471254,-0.009039881869881023
2024-04-19,163.66490173339844,152.93447875976562,393.9838562011719,484.7157897949219,82.77906799316406,147.0500030517578,125.54567841634629,132.41101219872473,-0.006326132914900739
2024-04-22,164.4981231689453,155.10804748535156,395.8001708984375,489.1795654296875,82.6397933959961,142.0500030517578,125.5110430217843,133.630392838826,-0.0002758788275223469
2024-04-23,165.54953002929688,157.07318115234375,402.3250732421875,494.9844970703125,82.66764068603516,144.67999267578125,126.49899018850437,135.21614038504222,0.0078713963563237
2024-04-24,167.65237426757812,157.93667602539062,403.79583740234375,494.74957275390625,82.08265686035156,162.1300048828125,128.04057462160492,135.1519655279809,0.012186535487780216
2024-04-25,168.5153350830078,154.8301544189453,393.9048767089844,492.8700866699219,81.50696563720703,170.17999267578125,127.6450251937734,134.6385416618034,-0.0030892506457462937
2024-04-26,167.93011474609375,170.66053771972656,401.09124755859375,497.5394592285156,81.93408966064453,168.2899932861328,129.47966116834252,135.91408572253624,0.014372953209762885
2024-04-29,172.09613037109375,164.9040069580078,397.07354736328125,499.301513671875,82.62120819091797,194.0500030517578,131.79231587743664,136.39543049674546,0.017861142732581776
2024-04-30,168.95179748535156,161.55931091308594,384.31982421875,491.39190673828125,81.91551208496094,183.27999877929688,129.13833864530443,134.23474359068385,-0.020137571864207292
2024-05-01,167.93011474609375,162.63119506835938,389.857666015625,489.7962951660156,82.51931762695312,179.99000549316406,129.49301158933758,133.798866427596,0.0027464573863482996
2024-05-02,171.6299285888672,165.37049865722656,392.7203063964844,494.37762451171875,82.87340545654297,180.00999450683594,130.6265170230256,135.050359505915,0.008753410085810275
2024-05-03,181.89617919921875,165.9858856201172,401.42681884765625,500.5055847167969,83.71200561523438,181.19000244140625,133.05782836157513,136.7243495647311,0.018612693608916805
2024-05-06,180.2397003173828,166.8394012451172,408.2182922363281,505.6741638183594,84.03813934326172,184.75999450683594,133.88907868945176,138.13626311257863,0.0062472861470260314
2024-05-07,180.92410278320312,169.96575927734375,404.072265625,506.2321472167969,84.55062103271484,177.80999755859375,133.84998053116053,138.2886888188022,-0.00029201902555409673
2024-05-08,181.2613525390625,168.10980224609375,405.2568359375,506.2810974121094,84.03813934326172,174.72000122070312,133.24427574774055,138.30206066483055,-0.004525251188056678
2024-05-09,183.0765380859375,168.6854705810547,407.01397705078125,509.1982116699219,84.4481201171875,171.97000122070312,133.70378010800582,139.09893598787235,0.003448586122643038
2024-05-10,181.81512451171875,167.38526916503906,409.4028625488281,509.8540954589844,83.97291564941406,168.47000122070312,133.02440373162574,139.27810538615262,-0.005081205451568038
2024-05-13,185.0233154296875,167.87158203125,408.3959045410156,509.92266845703125,84.1872329711914,171.88999938964844,133.77369983524724,139.29683764177963,0.005632771751664451
2024-05-14,186.16555786132812,169.06260681152344,411.1993408203125,512.2621459960938,84.66242980957031,177.5500030517578,134.9341322686994,139.93591851243684,0.008674593248757523
2024-05-15,188.44012451171875,171.21632385253906,418.3887939453125,518.6055908203125,85.81785583496094,173.99000549316406,136.34034303635903,141.66877303808977,0.010421460782505276
2024-05-16,188.55931091308594,172.87379455566406,416.3219299316406,517.53857421875,85.73399353027344,174.83999633789062,136.3694950194616,141.37729347167104,0.00021381773327947549
2024-05-17,188.589111328125,174.73971557617188,415.55059814453125,518.2825317382812,85.1562728881836,177.4600067138672,136.3384040904657,141.58052218892755,-0.00022799035071204834
2024-05-20,189.751220703125,175.59327697753906,420.6237487792969,518.879638671875,84.90470123291016,174.9499969482422,136.4424493453137,141.74363536809895,0.0007631397443891292
2024-05-21,191.05239868164062,176.5163116455078,424.28271484375,520.1522827148438,85.34264373779297,186.60000610351562,138.056104011046,142.09128669171162,0.011826632206289345
2024-05-22,189.61216735839844,175.0573272705078,425.74627685546875,518.6544799804688,85.44514465332031,180.11000061035156,137.40372743979756,141.68212821099345,-0.0047254453247227105
2024-05-23,185.61927795410156,172.24855041503906,422.2653503417969,514.8662109375,84.89537811279297,173.74000549316406,135.64078075989966,140.6472773787711,-0.012830413794053235
2024-05-24,188.6983642578125,173.677734375,425.3902893066406,518.2727661132812,85.1469497680664,179.24000549316406,136.92131459407895,141.57785448897178,0.009440625651115996
2024-05-28,188.7082977294922,175.07716369628906,425.54852294921875,518.6348266601562,83.92632293701172,176.75,136.07457931314428,141.67675946483243,-0.006184101309901468
2024-05-29,189.00628662109375,174.58091735839844,424.41131591796875,515.0032348632812,82.91067504882812,176.19000244140625,135.21660929901404,140.68470854377568,-0.006305145446423217
2024-05-30,189.99952697753906,170.8193359375,410.0720520019531,511.5867004394531,83.71200561523438,178.7899932861328,134.97916310588232,139.7514053776827,-0.0017560430953170456
2024-05-31,190.9530487060547,171.20643615722656,410.5269775390625,516.246337890625,84.28038787841797,178.0800018310547,135.56975202969784,141.0242900750221,0.004375408101709921
2024-06-03,192.7210693359375,171.8714141845703,408.9347839355469,516.667236328125,85.6435775756836,176.2899932861328,136.4837128034613,141.13926794311635,0.00674162753918191
2024-06-04,193.03887939453125,172.48672485351562,411.45648193359375,517.2448120117188,86.64401245117188,174.77000427246094,137.22788642535022,141.2970457223762,0.005452471995398789
2024-06-05,194.5486297607422,174.09458923339844,419.30853271484375,523.392333984375,87.27979278564453,175.0,138.49355220249961,142.97637951766623,0.009223094591913582
2024-06-06,193.1680145263672,175.40469360351562,419.81280517578125,523.382568359375,87.14888763427734,177.94000244140625,138.62465646846783,142.97371181771047,0.0009466452689185502
2024-06-07,195.56175231933594,173.15171813964844,419.1502685546875,522.7464599609375,85.55009460449219,177.47999572753906,137.60151774967636,142.79994451184066,-0.007380640247243504
2024-06-10,191.81719970703125,173.8969268798828,423.12567138671875,524.3614501953125,84.97977447509766,173.7899932861328,136.85078112884491,143.24111539202826,-0.005455874565258861
2024-06-11,205.7525634765625,175.4967041015625,427.88232421875,525.6243286132812,85.858642578125,170.66000366210938,139.05137560058935,143.58609901568516,0.016080247796851056
2024-06-12,211.6326141357422,176.65924072265625,436.1694641113281,529.9412841796875,86.5037612915039,177.2899932861328,141.21585487715674,144.7653724542637,0.01556604001376152
2024-06-13,212.7947235107422,174.04598999023438,436.6836853027344,531.0083618164062,87.77532958984375,182.47000122070312,142.41960903638804,145.05686869380716,0.008524213943812755
2024-06-14,211.0565185546875,175.66561889648438,437.6626892089844,531.3314208984375,88.51394653320312,178.00999450683594,142.5654657035343,145.1451195429694,0.001024133320777376
2024-06-17,215.20831298828125,176.11276245117188,443.3983459472656,535.5601806640625,87.63510131835938,187.44000244140625,143.60517117517097,146.30030031632228,0.007292828361384207
2024-06-18,212.84437561035156,173.97642517089844,441.390869140625,536.9208984375,88.43917083740234,184.86000061035156,143.46269719967265,146.67201095891116,-0.0009921228764425637
2024-06-20,208.26547241210938,175.17874145507812,440.7579650878906,535.4623413085938,87.85013580322266,181.57000732421875,142.39154009172827,146.27357329739027,-0.007466450365515631
2024-06-21,206.0902557373047,178.48757934570312,444.79278564453125,534.7445068359375,87.85013580322266,183.00999450683594,142.72677636624047,146.0774806775155,0.002354327190339001
2024-06-24,206.73587036132812,178.0801544189453,442.7061767578125,533.0062255859375,88.20540618896484,182.5800018310547,142.81177793600816,145.60263008538615,0.0005955544707994921
2024-06-25,207.65960693359375,182.8595733642578,445.94976806640625,535.0587158203125,88.35502624511719,187.35000610351562,143.97272907365596,146.1633139235928,0.008129239439677027
2024-06-26,211.81138610839844,182.7105255126953,447.1463317871094,535.7265014648438,87.09280395507812,196.3699951171875,144.33913175573286,146.3457345811942,0.00254494503531596
2024-06-27,212.65567016601562,184.2307891845703,447.8287048339844,536.5711669921875,87.43873596191406,197.4199981689453,144.90783433830734,146.5764739542447,0.003940044363969864
2024-06-28,209.19911193847656,180.9915313720703,441.994140625,534.4596557617188,85.81188201904297,197.8800048828125,142.9148516745612,145.99966720443027,-0.013753450066014012
2024-07-01,215.2877655029297,181.826171875,451.6656799316406,535.5595703125,84.33087921142578,209.86000061035156,143.98179140092645,146.30013358507503,0.007465562283161565
2024-07-02,218.78402709960938,184.06187438964844,454.1874084472656,539.1637573242188,84.9874267578125,231.25999450683594,146.64364727225083,147.28469827313089,0.018487447929525138
2024-07-03,220.05540466308594,184.63819885253906,455.6608581542969,541.56982421875,86.10359191894531,246.38999938964844,148.6839593593362,147.94196952286163,0.01391340248989751
2024-07-05,224.81309509277344,189.38780212402344,462.3756103515625,544.6927490234375,86.81642150878906,251.52000427246094,150.76495472613027,148.79506662247152,0.01399609867641979
2024-07-08,226.2831268310547,187.82777404785156,461.0702209472656,545.3212890625,87.0040283203125,252.94000244140625,150.95762859337754,148.96676646087562,0.0012779751607212065
2024-07-09,227.13729858398438,187.778076171875,454.444580078125,545.8516235351562,86.61945343017578,262.3299865722656,151.0218986774867,149.11163924159933,0.00042574916357661103
2024-07-10,231.4082794189453,189.96408081054688,461.08013916015625,551.2529907226562,86.89146423339844,263.260009765625,152.34712557733675,150.58714408714283,0.00877506448703944
2024-07-11,226.0347900390625,184.38978576660156,449.658203125,546.499755859375,87.73562622070312,241.02999877929688,149.977568488902,149.28869115303968,-0.015553671127400982
2024-07-12,228.98475646972656,183.89295959472656,448.5209045410156,549.9468383789062,88.11079406738281,248.22999572753906,150.972998416952,150.23033921805686,0.006637192068650327
2024-07-15,232.8187255859375,185.3436737060547,448.9263610839844,551.459228515625,87.09783172607422,252.63999938964844,151.10721202088357,150.64348257558402,0.0008889907820529667
2024-07-16,233.2358856201172,182.75027465820312,444.5356140136719,554.7294311523438,88.32653045654297,256.55999755859375,151.89144543177883,151.53681192515208,0.005189913839366534
2024-07-17,227.33596801757812,179.8687286376953,438.6021423339844,546.9514770507812,88.34529113769531,248.5,150.09426396946776,149.41208894911935,-0.011832012377012147
2024-07-18,222.6676483154297,176.55992126464844,435.4870910644531,542.748291015625,87.66996002197266,249.22999572753906,148.66573594277264,148.2638942150257,-0.009517539104530482
2024-07-19,222.79676818847656,176.53009033203125,432.26318359375,539.1441040039062,87.15409851074219,239.1999969482422,147.4641492565143,147.27932952696986,-0.008082472256558709
2024-07-22,222.44915771484375,180.51458740234375,438.0285949707031,544.70263671875,86.90084838867188,251.50999450683594,148.79704101795716,148.79776766867673,0.009038751236575559
2024-07-23,223.49205017089844,180.63380432128906,439.9174499511719,543.8482055664062,86.7789077758789,246.3800048828125,148.5973968463257,148.56436059567045,-0.001341721382802086
2024-07-24,217.06568908691406,171.53208923339844,424.1442565917969,531.5232543945312,85.8409652709961,215.99000549316406,143.59644553066104,145.19752317397578,-0.033654366912204095
2024-07-25,216.0227813720703,166.21609497070312,413.76068115234375,528.7537841796875,86.54442596435547,220.25,143.19972337602388,144.4409801396405,-0.0027627574844981614
2024-07-26,216.4896240234375,165.93789672851562,420.55450439453125,534.6757202148438,87.2197494506836,219.8000030517578,144.1529599255274,146.05869006595194,0.0066566926739128444
2024-07-29,216.7677459716797,168.4517822265625,421.9983215332031,534.9899291992188,87.688720703125,232.10000610351562,145.59854732202797,146.14452331202926,0.010028149246796004
2024-07-30,217.32394409179688,169.20693969726562,418.2305603027344,532.279541015625,88.02637481689453,222.6199951171875,145.0806651137692,145.40411986242648,-0.0035569187865133853
2024-07-31,220.5818328857422,170.44900512695312,413.71124267578125,540.9315185546875,88.92679595947266,232.07000732421875,146.7235269695037,147.76760198450177,0.011323782217611161
2024-08-01,216.88693237304688,169.67396545410156,412.4849548339844,533.2713012695312,89.69378662109375,216.86000061035156,145.55969891279196,145.67504146606097,-0.007932116142175438
2024-08-02,218.37680053710938,165.6000518798828,403.9606018066406,523.3427734375,92.48877716064453,207.6699981689453,145.83546364638596,142.9628409403907,0.0018945129431684748
2024-08-05,207.85824584960938,158.2371826171875,390.7684631347656,508.10101318359375,92.97815704345703,198.8800048828125,142.68565979205715,138.79921156127784,-0.021598339495571984
2024-08-06,205.83201599121094,157.2832794189453,395.17901611328125,512.7855224609375,90.89836883544922,200.63999938964844,141.6137293987078,140.07889055694216,-0.007512530655929762
2024-08-07,208.404541015625,157.92913818359375,394.0120849609375,509.3580017089844,90.25843811035156,191.75999450683594,140.75443764851488,139.1425862283989,-0.006067856230052428
2024-08-08,211.87098693847656,160.99948120117188,398.2248840332031,521.133056640625,89.70320129394531,198.83999633789062,142.1037281056016,142.3592071328959,0.00958613085049652
2024-08-09,214.78121948242188,162.62905883789062,401.5179443359375,523.4309692382812,90.58779907226562,200.0,143.42271089781318,142.98693360561631,0.009281831024386766
2024-08-12,216.31260681152344,161.2578582763672,402.2992248535156,523.7061157226562,90.91719818115234,197.49000549316406,143.53318795294402,143.0620960518705,0.0007702898267593739
2024-08-13,220.0316925048828,163.115966796875,409.4194030761719,532.3187866210938,91.54769134521484,207.8300018310547,145.83549222969864,145.41484068162376,0.01604022254079255
2024-08-14,220.47914123535156,159.3500518798828,412.2377624511719,533.998046875,92.12176513671875,201.3800048828125,145.6530723017811,145.87356836214533,-0.0012508609881482949
2024-08-15,223.46237182617188,160.27415466308594,417.11199951171875,543.15087890625,91.37831115722656,214.13999938964844,146.99384646577477,148.37387014570282,0.00920525837735635
2024-08-16,224.78494262695312,161.923583984375,414.5758056640625,544.36865234375,91.69828033447266,216.1199951171875,147.51631008609897,148.70653233018894,0.0035543230746455934
2024-08-19,224.62582397460938,165.6099853515625,417.6073303222656,549.5736083984375,92.12176513671875,222.72000122070312,148.86233837652406,150.12838306037176,0.00912460655801033
2024-08-20,225.2423553466797,166.11672973632812,420.8468933105469,548.679931640625,92.85578918457031,221.10000610351562,149.48436221879626,149.88425516816818,0.004178517206272025
2024-08-21,225.13294982910156,164.79519653320312,420.1930236816406,550.5654907226562,92.91226196289062,223.27000427246094,149.554159718701,150.39933801025566,0.00046692174933031234
2024-08-22,223.2734375,162.7582550048828,411.6829528808594,546.244384765625,91.9900131225586,210.66000366210938,147.17385145755446,149.21893079919593,-0.015916028451657134
2024-08-23,225.5705108642578,164.566650390625,412.9114074707031,552.04833984375,92.59229278564453,220.32000732421875,148.84705857445658,150.80441157541657,0.01136891574373644
2024-08-26,225.9086151123047,165.10321044921875,409.64215087890625,550.7324829101562,92.3570327758789,213.2100067138672,148.08517463318316,150.44495567949954,-0.005118569010164892
2024-08-27,226.7538604736328,163.6326446533203,409.9888610839844,551.4886474609375,92.19705963134766,209.2100067138672,147.6950978601554,150.65151902170072,-0.002634137914169865
2024-08-28,225.2224884033203,161.8142852783203,406.779052734375,548.287109375,92.08412170410156,205.75,146.80553464183293,149.77694693744675,-0.006022970506203124
2024-08-29,228.5039825439453,160.75108337402344,409.2756042480469,548.336181640625,91.78296661376953,206.27999877929688,147.01215250453836,149.79035212972457,0.0014074255661378427
2024-08-30,227.71841430664062,162.34091186523438,413.2582092285156,553.5706176757812,90.80426788330078,214.11000061035156,147.36764116704862,151.2202559791489,0.002418090317392391
2024-09-03,221.52330017089844,156.35919189453125,405.62982177734375,542.1787719726562,92.28938293457031,210.60000610351562,146.23445987123625,148.10831728822927,-0.007689485200674546
2024-09-04,219.61404418945312,155.4549560546875,405.0948791503906,541.0690307617188,93.47899627685547,219.41000366210938,147.26770528502772,147.805166534504,0.00706567668592792
2024-09-05,221.13548278808594,156.23997497558594,404.589599609375,539.7529296875,94.00769805908203,230.1699981689453,148.48711190590006,147.44564394608807,0.008280203854010388
2024-09-06,219.58419799804688,149.9601593017578,397.96185302734375,530.6688842773438,93.99826049804688,210.72999572753906,145.85920131368434,144.96413277409414,-0.01769790359907518
2024-09-09,219.67369079589844,147.96029663085938,401.9444580078125,536.6103515625,94.40423583984375,216.27000427246094,146.69130308397493,146.58717810031717,0.005704828785542793
2024-09-10,218.87815856933594,147.91053771972656,410.3455505371094,538.9476928710938,95.06513214111328,226.1699981689453,148.21275464877547,147.2256754116091,0.01037179118880397
2024-09-11,221.41392517089844,150.39793395996094,419.103271484375,544.4766845703125,94.9896011352539,228.1300048828125,149.42743464102523,148.73604376094974,0.008195515933350273
2024-09-12,221.52330017089844,153.91015625,423.02642822265625,549.0629272460938,94.5458755493164,229.80999755859375,149.95397607315078,149.988879025809,0.0035237266395591214
2024-09-13,221.25479125976562,156.66616821289062,426.5830078125,551.9306030273438,94.80078125,230.2899932861328,150.65569489729774,150.77224911782466,0.004679561306227842
2024-09-16,215.10939025878906,157.26315307617188,427.3260192871094,552.7456665039062,95.6694107055664,226.77999877929688,150.46957837367708,150.9949020253842,-0.0012353766231507192
2024-09-17,215.57675170898438,158.51681518554688,431.1005859375,552.9716186523438,95.20674133300781,227.8699951171875,150.62532816519106,151.05662593311112,0.0010350915659989024
2024-09-18,219.45492553710938,159.00433349609375,426.8009948730469,551.3316040039062,94.02656555175781,227.1999969482422,150.01695341132026,150.60861907178685,-0.004038993715609341
2024-09-19,227.5891571044922,161.3225860595703,434.6076354980469,560.7396850585938,93.71503448486328,243.9199981689453,152.64251651213098,153.1786478629386,0.017501775906699546
2024-09-20,226.92288208007812,162.76527404785156,431.2194519042969,559.7703857421875,93.35626220703125,238.25,151.91853885767236,152.91386196920243,-0.004742961993823569
2024-09-23,225.20257568359375,161.03402709960938,429.4758605957031,561.169189453125,93.1579818725586,250.0,152.15018583629697,153.29597664161886,0.0015248104699166656
2024-09-24,226.09751892089844,161.47181701660156,425.17626953125,562.77490234375,93.13911437988281,254.27000427246094,152.34484555880283,153.73461320684848,0.0012793919470811045
2024-09-25,225.10311889648438,160.6758575439453,428.0888366699219,561.53369140625,92.36492156982422,257.0199890136719,151.95041937860083,153.39554854246848,-0.0025890352821275222
2024-09-26,226.2467041015625,161.90960693359375,427.2962951660156,563.760009765625,92.58206176757812,254.22000122070312,152.17828616220964,154.00371743988805,0.0014996127324997776
2024-09-27,226.51516723632812,163.1234588623047,424.0368957519531,562.9422607421875,93.0635757446289,260.4599914550781,152.8133858154004,153.7803309148407,0.004173392073254017
2024-09-30,231.69602966308594,165.0138702392578,426.2956848144531,565.1981811523438,92.61982727050781,261.6300048828125,153.47527793993856,154.39658627775125,0.00433137529808899
2024-10-01,224.9440460205078,166.1481170654297,416.775146484375,560.1348266601562,93.28853607177734,258.0199890136719,152.48972941732885,153.0134171969273,-0.006421545774918929
2024-10-02,225.51083374023438,165.02383422851562,413.2482604980469,560.371337890625,92.50238037109375,249.02000427246094,151.21113359106516,153.0780255552314,-0.008384799626500917
2024-10-03,224.40704345703125,165.02383422851562,412.6637878417969,559.3468627929688,91.63095092773438,240.66000366210938,149.96295046973236,152.79816715674505,-0.008254571549661138
2024-10-04,225.53073120117188,166.21775817871094,412.188232421875,564.4297485351562,90.50381469726562,250.0800018310547,150.14355881012509,154.1866716374806,0.0012043530740560248
2024-10-07,220.44932556152344,162.15834045410156,405.7289123535156,559.3270874023438,89.82183074951172,240.8300018310547,147.7728667757272,152.7927650643346,-0.01578950208177705
2024-10-08,224.50650024414062,163.55128479003906,410.85076904296875,564.6170043945312,89.97339630126953,244.5,149.05225719024511,154.23782478413273,0.00865781684035145
2024-10-09,228.25537109375,161.0439910888672,413.5751953125,568.5277099609375,89.46189880371094,241.0500030517578,148.8993265741416,155.30612190455068,-0.0010260201286875106
2024-10-10,227.7581787109375,161.2628936767578,411.97027587890625,567.5328369140625,89.11145782470703,238.77000427246094,148.38404063708361,155.03434997155532,-0.0034606330929335964
2024-10-11,226.2765350341797,162.4170379638672,412.44580078125,570.9313354492188,88.75151062011719,217.8000030517578,146.91706011503837,155.96272622929249,-0.009886376700262522
2024-10-14,230.00555419921875,164.1283721923828,415.2395935058594,575.6005859375,88.81781005859375,219.16000366210938,147.84010752268352,157.2382369437759,0.006282778915684995
2024-10-15,232.54127502441406,164.62583923339844,414.84326171875,571.1283569335938,89.89761352539062,219.57000732421875,148.73997092810998,156.0165470759004,0.006086733975679542
2024-10-16,230.48284912109375,164.3273468017578,412.2476501464844,573.6107788085938,90.2764892578125,221.3300018310547,148.81053351851307,156.6946764046604,0.00047440234096310374
2024-10-17,230.8507843017578,162.10858154296875,412.8421325683594,573.659912109375,88.84623718261719,220.88999938964844,147.70607828401813,156.70809827006295,-0.007421888816476263
2024-10-18,233.68482971191406,162.5961151123047,414.2687072753906,575.8665771484375,88.91254425048828,220.6999969482422,148.18726346979278,157.31089842132153,0.0032577209507207105
2024-10-21,235.15655517578125,163.24285888671875,414.8829345703125,574.9208374023438,87.3591537475586,218.85000610351562,147.23500982244533,157.0525483537287,-0.0064260154688771335
2024-10-22,234.5400390625,164.3074493408203,423.5317077636719,574.615478515625,87.44438171386719,217.97000122070312,147.72395688983167,156.9691327107363,0.0033208614444075195
2024-10-23,229.46856689453125,161.95936584472656,420.64874267578125,569.3650512695312,87.20759582519531,213.64999389648438,146.29511515340002,155.53486050263436,-0.009672376549575052
2024-10-24,229.27963256835938,161.89964294433594,420.777587890625,570.596435546875,87.76643371582031,260.4800109863281,149.89165301033432,155.87124079393385,0.024584128138271096
2024-10-25,230.1149444580078,164.43679809570312,424.16571044921875,570.3993530273438,87.2739028930664,269.19000244140625,150.54907076792614,155.8174032742012,0.004385953082701023
2024-10-28,232.09378051757812,165.87950134277344,422.6202392578125,572.1627197265625,87.037109375,262.510009765625,150.3026322915387,156.29910652059198,-0.0016369312353134546
2024-10-29,232.3623046875,168.82455444335938,427.9303894042969,573.088623046875,87.1697006225586,259.5199890136719,150.8235592537513,156.55203782264962,0.003465853886059545
2024-10-30,228.81227111816406,173.58047485351562,428.5049743652344,571.35498046875,87.42545318603516,257.54998779296875,150.95006477056992,156.07845438799927,0.0008387649611543817
2024-10-31,224.64572143554688,170.2473602294922,402.568603515625,560.1546020507812,87.56752014160156,249.85000610351562,148.22831579474436,153.01881928933773,-0.0180307903806626
2024-11-01,221.66250610351562,170.42642211914062,406.5511779785156,562.5187377929688,86.3329849243164,248.97999572753906,147.34365461340818,153.66463610238333,-0.005968233374257521
2024-11-04,220.76751708984375,168.3867950439453,404.6589660644531,561.3070678710938,87.67301940917969,242.83999633789062,147.49492496357712,153.33364123036958,0.0010266499128574638
2024-11-05,222.199462890625,168.88426208496094,407.6310119628906,568.0942993164062,88.13871765136719,251.44000244140625,148.8585695643737,155.1877260458881,0.00924536624655622
2024-11-06,221.47354125976562,175.6201171875,416.26983642578125,582.2203979492188,85.72471618652344,288.5299987792969,150.78769549559422,159.04658737817746,0.012959454983787616
2024-11-07,226.2069091796875,179.83876037597656,421.4710388183594,586.7221069335938,86.79867553710938,296.9100036621094,153.2260771823387,160.27633036529448,0.016170959299631638
2024-11-08,225.93812561035156,177.45086669921875,418.6079406738281,589.2636108398438,87.9011001586914,321.2200012207031,154.93856468692962,160.97059927878698,0.011176214493522957
2024-11-11,223.2204132080078,179.44078063964844,414.1201171875,589.8250732421875,87.47344207763672,350.0,155.68502225941853,161.12397535311976,0.004817764860525105
2024-11-12,223.2204132080078,180.70436096191406,419.0933837890625,587.9928588867188,86.16191101074219,328.489990234375,154.13623923438874,160.62346482204075,-0.00994818257114717
2024-11-13,224.10643005371094,177.9781951904297,421.2431640625,588.2785034179688,85.34457397460938,330.239990234375,153.61881773805206,160.70149504574738,-0.003356910087509302
2024-11-14,227.1924591064453,174.69482421875,422.91748046875,584.4959106445312,85.83876037597656,311.17999267578125,153.1147307230482,159.66819481412432,-0.0032814144935252145
2024-11-15,223.98695373535156,171.6204071044922,411.13812255859375,577.0092163085938,85.6106948852539,320.7200012207031,151.992087034604,157.62303598927286,-0.007332042339380324
2024-11-18,226.9933624267578,174.41624450683594,411.89105224609375,579.3734130859375,85.76273345947266,338.739990234375,153.6116886531104,158.26886947544315,0.010655828537558667
2024-11-19,227.252197265625,177.2220001220703,413.9021301269531,581.4913330078125,86.19992065429688,346.0,154.69617580746643,158.84742690335355,0.007059925998242389
2024-11-20,227.9689483642578,175.09280395507812,411.62353515625,581.6882934570312,85.9242935180664,342.0299987792969,154.08564500347802,158.90123107683672,-0.003946644451949999
2024-11-21,227.49111938476562,166.78489685058594,409.8466491699219,584.81103515625,85.85778045654297,339.6400146484375,153.13365173554476,159.7542781570725,-0.006178338468270468
2024-11-22,228.8350372314453,163.9293670654297,413.9463806152344,586.6235961914062,85.90531921386719,352.55999755859375,153.9008410492971,160.24941994199054,0.005009932859677668
2024-11-25,231.82151794433594,166.80479431152344,415.7232971191406,588.613525390625,88.12920379638672,338.5899963378906,155.60720110252623,160.79301382735545,0.011087399143468991
2024-11-26,234.00167846679688,168.2673797607422,424.8559265136719,591.6868896484375,87.78706359863281,338.2300109863281,156.29897129799548,161.63257234968978,0.004445618137000239
2024-11-27,233.8722381591797,168.37684631347656,419.89251708984375,589.89404296875,88.39531707763672,332.8900146484375,156.16133101567797,161.14281598405748,-0.0008806218055976253
2024-11-29,236.26145935058594,168.09825134277344,420.35906982421875,593.5585327148438,89.30767059326172,345.1600036621094,157.71813824452335,162.14385371934026,0.009969223614577551
2024-12-02,238.51124572753906,170.6254425048828,427.82403564453125,594.6224975585938,89.52226257324219,357.0899963378906,159.3256493159868,162.4344996295228,0.010192303113362888
2024-12-03,241.5574951171875,170.47621154785156,428.04241943359375,594.8982543945312,88.74977111816406,351.4200134277344,158.83362369694785,162.50982880702423,-0.0030881758282566567
2024-12-04,241.91587829589844,173.4909210205078,434.2168884277344,598.59228515625,89.70346069335938,357.92999267578125,160.56911058642189,163.5189363346733,0.010926445226643834
2024-12-05,241.94573974609375,171.7696533203125,439.3787841796875,597.607177734375,89.88465118408203,369.489990234375,161.32099414284647,163.24983210163367,0.004682616436490072
2024-12-06,241.7466278076172,173.82920837402344,440.3218688964844,598.7401123046875,90.01818084716797,389.2200012207031,162.53431177512192,163.55931864275394,0.007521139072581324
2024-12-09,245.6390380859375,174.68585205078125,442.7538757324219,595.65673828125,89.1884765625,389.7900085449219,162.4824822327686,162.71702572796497,-0.000318883697769801
2024-12-10,246.65444946289062,184.44761657714844,440.0836181640625,593.8048095703125,88.76885986328125,400.989990234375,163.4547924108698,162.2111297776002,0.005984092344849091
